{
  "resourceType": "CodeSystem",
  "id": "shr-oncology-HER2MethodCS",
  "text": {
    "status": "generated",
    "div": "<div xmlns=\"http://www.w3.org/1999/xhtml\">\n<p><b>SHR HER2MethodCS CodeSystem</b></p>\n<p/>\n</div>"
  },
  "url": "http://standardhealthrecord.org/shr/oncology/cs/HER2MethodCS",
  "identifier": {
    "system": "http://standardhealthrecord.org",
    "value": "shr.oncology.HER2MethodCS"
  },
  "version": "0.0.1",
  "name": "SHR HER2MethodCS CodeSystem",
  "title": "SHR HER2MethodCS CodeSystem",
  "status": "draft",
  "date": "2017-12-20",
  "publisher": "The MITRE Corporation: Standard Health Record Collaborative",
  "contact": [
    {
      "telecom": [
        {
          "system": "url",
          "value": "http://standardhealthrecord.org"
        }
      ]
    }
  ],
  "caseSensitive": true,
  "content": "complete",
  "count": 3,
  "concept": [
    {
      "code": "single",
      "display": "HER2 by Single Probe Assay In SituHybridization test",
      "definition": "HER2 by Single Probe Assay In SituHybridization test"
    },
    {
      "code": "dual",
      "display": "HER2 by Dual Probe Assay In SituHybridization test",
      "definition": "HER2 by Dual Probe Assay In SituHybridization test"
    },
    {
      "code": "ihc",
      "display": "HER2 by ImmunoHistochemistry",
      "definition": "HER2 by ImmunoHistochemistry"
    }
  ]
}