{
  "resourceType": "CodeSystem",
  "id": "shr-sex-ContraceptiveMethodCS",
  "text": {
    "status": "generated",
    "div": "<div xmlns=\"http://www.w3.org/1999/xhtml\">\n<p><b>SHR ContraceptiveMethodCS CodeSystem</b></p>\n<p/>\n</div>"
  },
  "url": "http://standardhealthrecord.org/shr/sex/cs/ContraceptiveMethodCS",
  "identifier": {
    "system": "http://standardhealthrecord.org",
    "value": "shr.sex.ContraceptiveMethodCS"
  },
  "version": "0.0.1",
  "name": "SHR ContraceptiveMethodCS CodeSystem",
  "title": "SHR ContraceptiveMethodCS CodeSystem",
  "status": "draft",
  "date": "2017-12-20",
  "publisher": "The MITRE Corporation: Standard Health Record Collaborative",
  "contact": [
    {
      "telecom": [
        {
          "system": "url",
          "value": "http://standardhealthrecord.org"
        }
      ]
    }
  ],
  "caseSensitive": true,
  "content": "complete",
  "count": 18,
  "concept": [
    {
      "code": "no_contraceptive",
      "display": "Not using contraceptive",
      "definition": "Not using contraceptive"
    },
    {
      "code": "implant",
      "display": "Implanted long-term contraceptive",
      "definition": "Implanted long-term contraceptive"
    },
    {
      "code": "iud",
      "display": "Intrauterine device or system",
      "definition": "Intrauterine device or system"
    },
    {
      "code": "sterilized_female",
      "display": "Female sterilization, e.g., tubal ligation",
      "definition": "Female sterilization, e.g., tubal ligation"
    },
    {
      "code": "sterilized_male",
      "display": "Male sterilization, e.g., vasectomy",
      "definition": "Male sterilization, e.g., vasectomy"
    },
    {
      "code": "injectable",
      "display": "Injectable contraceptive",
      "definition": "Injectable contraceptive"
    },
    {
      "code": "lam",
      "display": "Lactational amenorrhea method",
      "definition": "Lactational amenorrhea method"
    },
    {
      "code": "oral",
      "display": "Oral contraceptive",
      "definition": "Oral contraceptive"
    },
    {
      "code": "patch",
      "display": "Contraceptive patch",
      "definition": "Contraceptive patch"
    },
    {
      "code": "ring",
      "display": "Vaginal ring",
      "definition": "Vaginal ring"
    },
    {
      "code": "condom_male",
      "display": "Male condom",
      "definition": "Male condom"
    },
    {
      "code": "condom_female",
      "display": "Female condom",
      "definition": "Female condom"
    },
    {
      "code": "fam",
      "display": "Fertility awareness method aka natural family planning aka rhythm method",
      "definition": "Fertility awareness method aka natural family planning aka rhythm method"
    },
    {
      "code": "withdrawal",
      "display": "Withdrawal method aka coitus interruptus",
      "definition": "Withdrawal method aka coitus interruptus"
    },
    {
      "code": "spermicide",
      "display": "Use of spermicide.",
      "definition": "Use of spermicide."
    },
    {
      "code": "sponge",
      "display": "Contraceptive sponge",
      "definition": "Contraceptive sponge"
    },
    {
      "code": "partner",
      "display": "Rely on partner to provide.",
      "definition": "Rely on partner to provide."
    },
    {
      "code": "emergency",
      "display": "Emergency contraceptive, the 'morning after' pill.",
      "definition": "Emergency contraceptive, the 'morning after' pill."
    }
  ]
}