<?xml version="1.0" encoding="UTF-8"?>

<CodeSystem xmlns="http://hl7.org/fhir">
  <id value="shr-encounter-TreatmentCooperationCS"/>
  <text>
    <status value="generated"/><div xmlns="http://www.w3.org/1999/xhtml">
<p><b>SHR TreatmentCooperationCS CodeSystem</b></p>
<p/>
</div>
  </text>
  <url value="http://standardhealthrecord.org/shr/encounter/cs/TreatmentCooperationCS"/>
  <identifier>
    <system value="http://standardhealthrecord.org"/>
    <value value="shr.encounter.TreatmentCooperationCS"/>
  </identifier>
  <version value="0.0.1"/>
  <name value="SHR TreatmentCooperationCS CodeSystem"/>
  <title value="SHR TreatmentCooperationCS CodeSystem"/>
  <status value="draft"/>
  <date value="2017-12-20"/>
  <publisher value="The MITRE Corporation: Standard Health Record Collaborative"/>
  <contact>
    <telecom>
      <system value="url"/>
      <value value="http://standardhealthrecord.org"/>
    </telecom>
  </contact>
  <caseSensitive value="true"/>
  <content value="complete"/>
  <count value="4"/>
  <concept>
    <code value="voluntary"/>
    <display value="Voluntary cooperation"/>
    <definition value="Voluntary cooperation"/>
  </concept>
  <concept>
    <code value="ordered_criminal"/>
    <display value="Criminal court ordered treatment"/>
    <definition value="Criminal court ordered treatment"/>
  </concept>
  <concept>
    <code value="ordered_civil"/>
    <display value="Civil court ordered treatment"/>
    <definition value="Civil court ordered treatment"/>
  </concept>
  <concept>
    <code value="involuntary"/>
    <display value="Not court-ordered but involutary treatment"/>
    <definition value="Not court-ordered but involutary treatment"/>
  </concept>
</CodeSystem>