<?xml version="1.0" encoding="UTF-8"?>

<CodeSystem xmlns="http://hl7.org/fhir">
  <id value="shr-skin-SupportSurfaceComponentCS"/>
  <text>
    <status value="generated"/><div xmlns="http://www.w3.org/1999/xhtml">
<p><b>SHR SupportSurfaceComponentCS CodeSystem</b></p>
<p/>
</div>
  </text>
  <url value="http://standardhealthrecord.org/shr/skin/cs/SupportSurfaceComponentCS"/>
  <identifier>
    <system value="http://standardhealthrecord.org"/>
    <value value="shr.skin.SupportSurfaceComponentCS"/>
  </identifier>
  <version value="0.0.1"/>
  <name value="SHR SupportSurfaceComponentCS CodeSystem"/>
  <title value="SHR SupportSurfaceComponentCS CodeSystem"/>
  <status value="draft"/>
  <date value="2017-12-20"/>
  <publisher value="The MITRE Corporation: Standard Health Record Collaborative"/>
  <contact>
    <telecom>
      <system value="url"/>
      <value value="http://standardhealthrecord.org"/>
    </telecom>
  </contact>
  <caseSensitive value="true"/>
  <content value="complete"/>
  <count value="12"/>
  <concept>
    <code value="air"/>
    <display value="Air"/>
    <definition value="Air"/>
  </concept>
  <concept>
    <code value="cell"/>
    <display value="Cell or bladder"/>
    <definition value="Cell or bladder"/>
  </concept>
  <concept>
    <code value="viscoelastic"/>
    <display value="Viscoelastic foam"/>
    <definition value="Viscoelastic foam"/>
  </concept>
  <concept>
    <code value="elastic"/>
    <display value="Elastic foam"/>
    <definition value="Elastic foam"/>
  </concept>
  <concept>
    <code value="closed_cell"/>
    <display value="Closed cell foam"/>
    <definition value="Closed cell foam"/>
  </concept>
  <concept>
    <code value="open_cell"/>
    <display value="Open cell foam"/>
    <definition value="Open cell foam"/>
  </concept>
  <concept>
    <code value="gel"/>
    <display value="gel"/>
    <definition value="gel"/>
  </concept>
  <concept>
    <code value="pad"/>
    <display value="pad"/>
    <definition value="pad"/>
  </concept>
  <concept>
    <code value="viscous"/>
    <display value="Viscous fluid"/>
    <definition value="Viscous fluid"/>
  </concept>
  <concept>
    <code value="elastomer"/>
    <display value="Elastomer"/>
    <definition value="Elastomer"/>
  </concept>
  <concept>
    <code value="solid"/>
    <display value="Solid surface"/>
    <definition value="Solid surface"/>
  </concept>
  <concept>
    <code value="water"/>
    <display value="Water"/>
    <definition value="Water"/>
  </concept>
</CodeSystem>