<?xml version="1.0" encoding="UTF-8"?>

<CodeSystem xmlns="http://hl7.org/fhir">
  <id value="shr-medication-MedicationChangeTypeCS"/>
  <text>
    <status value="generated"/><div xmlns="http://www.w3.org/1999/xhtml">
<p><b>SHR MedicationChangeTypeCS CodeSystem</b></p>
<p/>
</div>
  </text>
  <url value="http://standardhealthrecord.org/shr/medication/cs/MedicationChangeTypeCS"/>
  <identifier>
    <system value="http://standardhealthrecord.org"/>
    <value value="shr.medication.MedicationChangeTypeCS"/>
  </identifier>
  <version value="0.0.1"/>
  <name value="SHR MedicationChangeTypeCS CodeSystem"/>
  <title value="SHR MedicationChangeTypeCS CodeSystem"/>
  <status value="draft"/>
  <date value="2017-12-20"/>
  <publisher value="The MITRE Corporation: Standard Health Record Collaborative"/>
  <contact>
    <telecom>
      <system value="url"/>
      <value value="http://standardhealthrecord.org"/>
    </telecom>
  </contact>
  <caseSensitive value="true"/>
  <content value="complete"/>
  <count value="5"/>
  <concept>
    <code value="reduced"/>
    <display value="Dose reduced"/>
    <definition value="Dose reduced"/>
  </concept>
  <concept>
    <code value="increased"/>
    <display value="Dose increased"/>
    <definition value="Dose increased"/>
  </concept>
  <concept>
    <code value="temp_stop"/>
    <display value="Medication temporarily interrupted"/>
    <definition value="Medication temporarily interrupted"/>
  </concept>
  <concept>
    <code value="swap"/>
    <display value="Switch from one medication (or set of medications) to another"/>
    <definition value="Switch from one medication (or set of medications) to another"/>
  </concept>
  <concept>
    <code value="stop"/>
    <display value="Medication stopped"/>
    <definition value="Medication stopped"/>
  </concept>
</CodeSystem>