{
  "resourceType": "CodeSystem",
  "id": "shr-core-YesNoCS",
  "text": {
    "status": "generated",
    "div": "<div xmlns=\"http://www.w3.org/1999/xhtml\">\n<p><b>SHR YesNoCS CodeSystem</b></p>\n<p/>\n</div>"
  },
  "url": "http://standardhealthrecord.org/shr/core/cs/YesNoCS",
  "identifier": {
    "system": "http://standardhealthrecord.org",
    "value": "shr.core.YesNoCS"
  },
  "version": "0.0.1",
  "name": "SHR YesNoCS CodeSystem",
  "title": "SHR YesNoCS CodeSystem",
  "status": "draft",
  "date": "2017-12-20",
  "publisher": "The MITRE Corporation: Standard Health Record Collaborative",
  "contact": [
    {
      "telecom": [
        {
          "system": "url",
          "value": "http://standardhealthrecord.org"
        }
      ]
    }
  ],
  "caseSensitive": true,
  "content": "complete",
  "count": 2,
  "concept": [
    {
      "code": "yes",
      "display": "Yes, or true",
      "definition": "Yes, or true"
    },
    {
      "code": "no",
      "display": "No, or false",
      "definition": "No, or false"
    }
  ]
}