<?xml version="1.0" encoding="UTF-8"?>

<CodeSystem xmlns="http://hl7.org/fhir">
  <id value="shr-environment-NonCashBenefitCS"/>
  <text>
    <status value="generated"/><div xmlns="http://www.w3.org/1999/xhtml">
<p><b>SHR NonCashBenefitCS CodeSystem</b></p>
<p/>
</div>
  </text>
  <url value="http://standardhealthrecord.org/shr/environment/cs/NonCashBenefitCS"/>
  <identifier>
    <system value="http://standardhealthrecord.org"/>
    <value value="shr.environment.NonCashBenefitCS"/>
  </identifier>
  <version value="0.0.1"/>
  <name value="SHR NonCashBenefitCS CodeSystem"/>
  <title value="SHR NonCashBenefitCS CodeSystem"/>
  <status value="draft"/>
  <date value="2017-12-20"/>
  <publisher value="The MITRE Corporation: Standard Health Record Collaborative"/>
  <contact>
    <telecom>
      <system value="url"/>
      <value value="http://standardhealthrecord.org"/>
    </telecom>
  </contact>
  <caseSensitive value="true"/>
  <content value="complete"/>
  <count value="10"/>
  <concept>
    <code value="snap"/>
    <display value="Supplemental Nutrition Assistance Program (SNAP) (Previously known as Food Stamps)"/>
    <definition value="Supplemental Nutrition Assistance Program (SNAP) (Previously known as Food Stamps)"/>
  </concept>
  <concept>
    <code value="medicaid"/>
    <display value="MEDICAID health insurance program or local equivalent"/>
    <definition value="MEDICAID health insurance program or local equivalent"/>
  </concept>
  <concept>
    <code value="schip"/>
    <display value="State Children&#x2019;s Health Insurance Program or local equivalent"/>
    <definition value="State Children&#x2019;s Health Insurance Program or local equivalent"/>
  </concept>
  <concept>
    <code value="wic"/>
    <display value="Special Supplemental Nutrition Program for Women, Infants, and Children (WIC)"/>
    <definition value="Special Supplemental Nutrition Program for Women, Infants, and Children (WIC)"/>
  </concept>
  <concept>
    <code value="vams"/>
    <display value="Veteran&#x2019;s Administration (VA) Medical Services"/>
    <definition value="Veteran&#x2019;s Administration (VA) Medical Services"/>
  </concept>
  <concept>
    <code value="tanf"/>
    <display value="Temporary Assistance for Needy Families (TANF) or similar local program"/>
    <definition value="Temporary Assistance for Needy Families (TANF) or similar local program"/>
  </concept>
  <concept>
    <code value="tanf_transport"/>
    <display value="Temporary Assistance for Needy Families (TANF) transportation services"/>
    <definition value="Temporary Assistance for Needy Families (TANF) transportation services"/>
  </concept>
  <concept>
    <code value="tanf_other"/>
    <display value="Temporary Assistance for Needy Families (TANF) other services"/>
    <definition value="Temporary Assistance for Needy Families (TANF) other services"/>
  </concept>
  <concept>
    <code value="section8"/>
    <display value="Section 8, public housing, or other ongoing rental assistance"/>
    <definition value="Section 8, public housing, or other ongoing rental assistance"/>
  </concept>
  <concept>
    <code value="temp_rental"/>
    <display value="Temporary Rental Assistance"/>
    <definition value="Temporary Rental Assistance"/>
  </concept>
</CodeSystem>