{
  "resourceType": "CodeSystem",
  "id": "shr-behavior-SleepQualityCauseCS",
  "text": {
    "status": "generated",
    "div": "<div xmlns=\"http://www.w3.org/1999/xhtml\">\n<p><b>SHR SleepQualityCauseCS CodeSystem</b></p>\n<p/>\n</div>"
  },
  "url": "http://standardhealthrecord.org/shr/behavior/cs/SleepQualityCauseCS",
  "identifier": {
    "system": "http://standardhealthrecord.org",
    "value": "shr.behavior.SleepQualityCauseCS"
  },
  "version": "0.0.1",
  "name": "SHR SleepQualityCauseCS CodeSystem",
  "title": "SHR SleepQualityCauseCS CodeSystem",
  "status": "draft",
  "date": "2017-12-20",
  "publisher": "The MITRE Corporation: Standard Health Record Collaborative",
  "contact": [
    {
      "telecom": [
        {
          "system": "url",
          "value": "http://standardhealthrecord.org"
        }
      ]
    }
  ],
  "caseSensitive": true,
  "content": "complete",
  "count": 11,
  "concept": [
    {
      "code": "sleep_location",
      "display": "Where you sleep (e.g. noisy or uncomfortable environment)",
      "definition": "Where you sleep (e.g. noisy or uncomfortable environment)"
    },
    {
      "code": "shift",
      "display": "Shift work",
      "definition": "Shift work"
    },
    {
      "code": "partner_snoring",
      "display": "Partner snoring",
      "definition": "Partner snoring"
    },
    {
      "code": "partner",
      "display": "Disturbed by partner snoring or moving",
      "definition": "Disturbed by partner snoring or moving"
    },
    {
      "code": "no_time",
      "display": "Not enough time to sleep enough",
      "definition": "Not enough time to sleep enough"
    },
    {
      "code": "breathing",
      "display": "Trouble breathing, snoring, waking up gasping for breath",
      "definition": "Trouble breathing, snoring, waking up gasping for breath"
    },
    {
      "code": "worries",
      "display": "Thoughts and worries, anxiety",
      "definition": "Thoughts and worries, anxiety"
    },
    {
      "code": "nightmares",
      "display": "Disturbing dreams",
      "definition": "Disturbing dreams"
    },
    {
      "code": "restless_legs",
      "display": "Restless legs",
      "definition": "Restless legs"
    },
    {
      "code": "pain",
      "display": "Pain",
      "definition": "Pain"
    },
    {
      "code": "not_sleepy",
      "display": "Not sleepy at the appropriate time",
      "definition": "Not sleepy at the appropriate time"
    }
  ]
}