<?xml version="1.0" encoding="UTF-8"?>

<CodeSystem xmlns="http://hl7.org/fhir">
  <id value="shr-vital-BodyHeightQualifierCS"/>
  <text>
    <status value="generated"/><div xmlns="http://www.w3.org/1999/xhtml">
<p><b>SHR BodyHeightQualifierCS CodeSystem</b></p>
<p/>
</div>
  </text>
  <url value="http://standardhealthrecord.org/shr/vital/cs/BodyHeightQualifierCS"/>
  <identifier>
    <system value="http://standardhealthrecord.org"/>
    <value value="shr.vital.BodyHeightQualifierCS"/>
  </identifier>
  <version value="0.0.1"/>
  <name value="SHR BodyHeightQualifierCS CodeSystem"/>
  <title value="SHR BodyHeightQualifierCS CodeSystem"/>
  <status value="draft"/>
  <date value="2017-12-20"/>
  <publisher value="The MITRE Corporation: Standard Health Record Collaborative"/>
  <contact>
    <telecom>
      <system value="url"/>
      <value value="http://standardhealthrecord.org"/>
    </telecom>
  </contact>
  <caseSensitive value="true"/>
  <content value="complete"/>
  <count value="1"/>
  <concept>
    <code value="shoes_on"/>
    <display value="Body height wearing shoes"/>
    <definition value="Body height wearing shoes"/>
  </concept>
</CodeSystem>