{
  "resourceType": "CodeSystem",
  "id": "shr-core-PerformanceGradingScaleCS",
  "text": {
    "status": "generated",
    "div": "<div xmlns=\"http://www.w3.org/1999/xhtml\">\n<p><b>SHR PerformanceGradingScaleCS CodeSystem</b></p>\n<p>A simple performance grading scale. Also useful for grading quality.</p>\n</div>"
  },
  "url": "http://standardhealthrecord.org/shr/core/cs/PerformanceGradingScaleCS",
  "identifier": {
    "system": "http://standardhealthrecord.org",
    "value": "shr.core.PerformanceGradingScaleCS"
  },
  "version": "0.0.1",
  "name": "SHR PerformanceGradingScaleCS CodeSystem",
  "title": "SHR PerformanceGradingScaleCS CodeSystem",
  "status": "draft",
  "date": "2017-12-20",
  "publisher": "The MITRE Corporation: Standard Health Record Collaborative",
  "contact": [
    {
      "telecom": [
        {
          "system": "url",
          "value": "http://standardhealthrecord.org"
        }
      ]
    }
  ],
  "description": "A simple performance grading scale. Also useful for grading quality.",
  "caseSensitive": true,
  "content": "complete",
  "count": 5,
  "concept": [
    {
      "code": "excellent",
      "display": "Excellent",
      "definition": "Excellent"
    },
    {
      "code": "very_good",
      "display": "Very good",
      "definition": "Very good"
    },
    {
      "code": "good",
      "display": "Good",
      "definition": "Good"
    },
    {
      "code": "fair",
      "display": "Fair",
      "definition": "Fair"
    },
    {
      "code": "poor",
      "display": "Poor",
      "definition": "Poor"
    }
  ]
}