{
  "resourceType": "CodeSystem",
  "id": "shr-oncology-DecileCS",
  "text": {
    "status": "generated",
    "div": "<div xmlns=\"http://www.w3.org/1999/xhtml\">\n<p><b>SHR DecileCS CodeSystem</b></p>\n<p>Division of percentages into 10% intervals.</p>\n</div>"
  },
  "url": "http://standardhealthrecord.org/shr/oncology/cs/DecileCS",
  "identifier": {
    "system": "http://standardhealthrecord.org",
    "value": "shr.oncology.DecileCS"
  },
  "version": "0.0.1",
  "name": "SHR DecileCS CodeSystem",
  "title": "SHR DecileCS CodeSystem",
  "status": "draft",
  "date": "2017-12-20",
  "publisher": "The MITRE Corporation: Standard Health Record Collaborative",
  "contact": [
    {
      "telecom": [
        {
          "system": "url",
          "value": "http://standardhealthrecord.org"
        }
      ]
    }
  ],
  "description": "Division of percentages into 10% intervals.",
  "caseSensitive": true,
  "content": "complete",
  "count": 10,
  "concept": [
    {
      "code": "0_10",
      "display": "0 to 10%",
      "definition": "0 to 10%"
    },
    {
      "code": "11_20",
      "display": "11 to 20%",
      "definition": "11 to 20%"
    },
    {
      "code": "21_30",
      "display": "21 to 30%",
      "definition": "21 to 30%"
    },
    {
      "code": "31_40",
      "display": "31 to 40%",
      "definition": "31 to 40%"
    },
    {
      "code": "41_50",
      "display": "41 to 50%",
      "definition": "41 to 50%"
    },
    {
      "code": "51_60",
      "display": "51 to 60%",
      "definition": "51 to 60%"
    },
    {
      "code": "61_70",
      "display": "61 to 70%",
      "definition": "61 to 70%"
    },
    {
      "code": "71_80",
      "display": "71 to 80%",
      "definition": "71 to 80%"
    },
    {
      "code": "81_90",
      "display": "81 to 90%",
      "definition": "81 to 90%"
    },
    {
      "code": "91_100",
      "display": "91 to 100%",
      "definition": "91 to 100%"
    }
  ]
}