<?xml version="1.0" encoding="UTF-8"?>

<CodeSystem xmlns="http://hl7.org/fhir">
  <id value="shr-behavior-DietNutritionConcernCS"/>
  <text>
    <status value="generated"/><div xmlns="http://www.w3.org/1999/xhtml">
<p><b>SHR DietNutritionConcernCS CodeSystem</b></p>
<p/>
</div>
  </text>
  <url value="http://standardhealthrecord.org/shr/behavior/cs/DietNutritionConcernCS"/>
  <identifier>
    <system value="http://standardhealthrecord.org"/>
    <value value="shr.behavior.DietNutritionConcernCS"/>
  </identifier>
  <version value="0.0.1"/>
  <name value="SHR DietNutritionConcernCS CodeSystem"/>
  <title value="SHR DietNutritionConcernCS CodeSystem"/>
  <status value="draft"/>
  <date value="2017-12-20"/>
  <publisher value="The MITRE Corporation: Standard Health Record Collaborative"/>
  <contact>
    <telecom>
      <system value="url"/>
      <value value="http://standardhealthrecord.org"/>
    </telecom>
  </contact>
  <caseSensitive value="true"/>
  <content value="complete"/>
  <count value="18"/>
  <concept>
    <code value="sugar"/>
    <display value="Too much sugar"/>
    <definition value="Too much sugar"/>
  </concept>
  <concept>
    <code value="snacks"/>
    <display value="Frequent snacking"/>
    <definition value="Frequent snacking"/>
  </concept>
  <concept>
    <code value="caffeine"/>
    <display value="Too much caffeine"/>
    <definition value="Too much caffeine"/>
  </concept>
  <concept>
    <code value="cholesterol"/>
    <display value="Too much cholesterol"/>
    <definition value="Too much cholesterol"/>
  </concept>
  <concept>
    <code value="overeating"/>
    <display value="Eating too much"/>
    <definition value="Eating too much"/>
  </concept>
  <concept>
    <code value="undereating"/>
    <display value="Eating too little"/>
    <definition value="Eating too little"/>
  </concept>
  <concept>
    <code value="unhealthy_diet"/>
    <display value="Eating an unhealthy diet"/>
    <definition value="Eating an unhealthy diet"/>
  </concept>
  <concept>
    <code value="chewing"/>
    <display value="Problem chewing"/>
    <definition value="Problem chewing"/>
  </concept>
  <concept>
    <code value="swallowing"/>
    <display value="Problem swallowing"/>
    <definition value="Problem swallowing"/>
  </concept>
  <concept>
    <code value="high_appetite"/>
    <display value="Increased appetite"/>
    <definition value="Increased appetite"/>
  </concept>
  <concept>
    <code value="low_appetite"/>
    <display value="Decreased appetite"/>
    <definition value="Decreased appetite"/>
  </concept>
  <concept>
    <code value="taste"/>
    <display value="Problem with food taste"/>
    <definition value="Problem with food taste"/>
  </concept>
  <concept>
    <code value="constipation"/>
    <display value="Constipation"/>
    <definition value="Constipation"/>
  </concept>
  <concept>
    <code value="diarrhea"/>
    <display value="Diarrhea"/>
    <definition value="Diarrhea"/>
  </concept>
  <concept>
    <code value="abdominal_pain"/>
    <display value="Abdominal pain"/>
    <definition value="Abdominal pain"/>
  </concept>
  <concept>
    <code value="gas"/>
    <display value="Flatulence"/>
    <definition value="Flatulence"/>
  </concept>
  <concept>
    <code value="binging"/>
    <display value="Binge eating"/>
    <definition value="Binge eating"/>
  </concept>
  <concept>
    <code value="purging"/>
    <display value="Purging"/>
    <definition value="Purging"/>
  </concept>
</CodeSystem>