<?xml version="1.0" encoding="UTF-8"?>

<CodeSystem xmlns="http://hl7.org/fhir">
  <id value="shr-environment-CommonAnimalCS"/>
  <text>
    <status value="generated"/><div xmlns="http://www.w3.org/1999/xhtml">
<p><b>SHR CommonAnimalCS CodeSystem</b></p>
<p/>
</div>
  </text>
  <url value="http://standardhealthrecord.org/shr/environment/cs/CommonAnimalCS"/>
  <identifier>
    <system value="http://standardhealthrecord.org"/>
    <value value="shr.environment.CommonAnimalCS"/>
  </identifier>
  <version value="0.0.1"/>
  <name value="SHR CommonAnimalCS CodeSystem"/>
  <title value="SHR CommonAnimalCS CodeSystem"/>
  <status value="draft"/>
  <date value="2017-12-20"/>
  <publisher value="The MITRE Corporation: Standard Health Record Collaborative"/>
  <contact>
    <telecom>
      <system value="url"/>
      <value value="http://standardhealthrecord.org"/>
    </telecom>
  </contact>
  <caseSensitive value="true"/>
  <content value="complete"/>
  <count value="9"/>
  <concept>
    <code value="dog"/>
    <display value="dog"/>
    <definition value="dog"/>
  </concept>
  <concept>
    <code value="cat"/>
    <display value="cat"/>
    <definition value="cat"/>
  </concept>
  <concept>
    <code value="bird"/>
    <display value="bird"/>
    <definition value="bird"/>
  </concept>
  <concept>
    <code value="fish"/>
    <display value="fish"/>
    <definition value="fish"/>
  </concept>
  <concept>
    <code value="reptile"/>
    <display value="reptile"/>
    <definition value="reptile"/>
  </concept>
  <concept>
    <code value="rodent"/>
    <display value="rodent"/>
    <definition value="rodent"/>
  </concept>
  <concept>
    <code value="primate"/>
    <display value="monkey or ape"/>
    <definition value="monkey or ape"/>
  </concept>
  <concept>
    <code value="livestock"/>
    <display value="livestock"/>
    <definition value="livestock"/>
  </concept>
  <concept>
    <code value="chicken"/>
    <display value="chicken"/>
    <definition value="chicken"/>
  </concept>
</CodeSystem>