<?xml version="1.0" encoding="UTF-8"?>

<CodeSystem xmlns="http://hl7.org/fhir">
  <id value="shr-vital-BodyWeightQualifierCS"/>
  <text>
    <status value="generated"/><div xmlns="http://www.w3.org/1999/xhtml">
<p><b>SHR BodyWeightQualifierCS CodeSystem</b></p>
<p/>
</div>
  </text>
  <url value="http://standardhealthrecord.org/shr/vital/cs/BodyWeightQualifierCS"/>
  <identifier>
    <system value="http://standardhealthrecord.org"/>
    <value value="shr.vital.BodyWeightQualifierCS"/>
  </identifier>
  <version value="0.0.1"/>
  <name value="SHR BodyWeightQualifierCS CodeSystem"/>
  <title value="SHR BodyWeightQualifierCS CodeSystem"/>
  <status value="draft"/>
  <date value="2017-12-20"/>
  <publisher value="The MITRE Corporation: Standard Health Record Collaborative"/>
  <contact>
    <telecom>
      <system value="url"/>
      <value value="http://standardhealthrecord.org"/>
    </telecom>
  </contact>
  <caseSensitive value="true"/>
  <content value="complete"/>
  <count value="14"/>
  <concept>
    <code value="meas"/>
    <display value="Measured"/>
    <definition value="Measured"/>
  </concept>
  <concept>
    <code value="est"/>
    <display value="Estimated"/>
    <definition value="Estimated"/>
  </concept>
  <concept>
    <code value="ideal"/>
    <display value="Ideal"/>
    <definition value="Ideal"/>
  </concept>
  <concept>
    <code value="clothed"/>
    <display value="with clothes"/>
    <definition value="with clothes"/>
  </concept>
  <concept>
    <code value="unclothed"/>
    <display value="without clothes"/>
    <definition value="without clothes"/>
  </concept>
  <concept>
    <code value="pre_dialysis"/>
    <display value="pre dialysis"/>
    <definition value="pre dialysis"/>
  </concept>
  <concept>
    <code value="post_dialysis"/>
    <display value="post dialysis"/>
    <definition value="post dialysis"/>
  </concept>
  <concept>
    <code value="preop"/>
    <display value="pre operative"/>
    <definition value="pre operative"/>
  </concept>
  <concept>
    <code value="postop"/>
    <display value="pre pregnancy"/>
    <definition value="pre pregnancy"/>
  </concept>
  <concept>
    <code value="antepartum"/>
    <display value="ante partum"/>
    <definition value="ante partum"/>
  </concept>
  <concept>
    <code value="delivery"/>
    <display value="mother at delivery"/>
    <definition value="mother at delivery"/>
  </concept>
  <concept>
    <code value="postpartum"/>
    <display value="post partum"/>
    <definition value="post partum"/>
  </concept>
  <concept>
    <code value="birth"/>
    <display value="birth weight"/>
    <definition value="birth weight"/>
  </concept>
  <concept>
    <code value="dry"/>
    <display value="dry"/>
    <definition value="dry"/>
  </concept>
</CodeSystem>