{
  "resourceType": "CodeSystem",
  "id": "shr-lifehistory-MilitaryStatusCS",
  "text": {
    "status": "generated",
    "div": "<div xmlns=\"http://www.w3.org/1999/xhtml\">\n<p><b>SHR MilitaryStatusCS CodeSystem</b></p>\n<p/>\n</div>"
  },
  "url": "http://standardhealthrecord.org/shr/lifehistory/cs/MilitaryStatusCS",
  "identifier": {
    "system": "http://standardhealthrecord.org",
    "value": "shr.lifehistory.MilitaryStatusCS"
  },
  "version": "0.0.1",
  "name": "SHR MilitaryStatusCS CodeSystem",
  "title": "SHR MilitaryStatusCS CodeSystem",
  "status": "draft",
  "date": "2017-12-20",
  "publisher": "The MITRE Corporation: Standard Health Record Collaborative",
  "contact": [
    {
      "telecom": [
        {
          "system": "url",
          "value": "http://standardhealthrecord.org"
        }
      ]
    }
  ],
  "caseSensitive": true,
  "content": "complete",
  "count": 3,
  "concept": [
    {
      "code": "active",
      "display": "On active duty in US military",
      "definition": "On active duty in US military"
    },
    {
      "code": "reserve",
      "display": "Currently a Reservist",
      "definition": "Currently a Reservist"
    },
    {
      "code": "discharged",
      "display": "No longer in active military service",
      "definition": "No longer in active military service"
    }
  ]
}