<?xml version="1.0" encoding="UTF-8"?>

<CodeSystem xmlns="http://hl7.org/fhir">
  <id value="shr-oncology-DecileCS"/>
  <text>
    <status value="generated"/><div xmlns="http://www.w3.org/1999/xhtml">
<p><b>SHR DecileCS CodeSystem</b></p>
<p>Division of percentages into 10% intervals.</p>
</div>
  </text>
  <url value="http://standardhealthrecord.org/shr/oncology/cs/DecileCS"/>
  <identifier>
    <system value="http://standardhealthrecord.org"/>
    <value value="shr.oncology.DecileCS"/>
  </identifier>
  <version value="0.0.1"/>
  <name value="SHR DecileCS CodeSystem"/>
  <title value="SHR DecileCS CodeSystem"/>
  <status value="draft"/>
  <date value="2017-12-20"/>
  <publisher value="The MITRE Corporation: Standard Health Record Collaborative"/>
  <contact>
    <telecom>
      <system value="url"/>
      <value value="http://standardhealthrecord.org"/>
    </telecom>
  </contact>
  <description value="Division of percentages into 10% intervals."/>
  <caseSensitive value="true"/>
  <content value="complete"/>
  <count value="10"/>
  <concept>
    <code value="0_10"/>
    <display value="0 to 10%"/>
    <definition value="0 to 10%"/>
  </concept>
  <concept>
    <code value="11_20"/>
    <display value="11 to 20%"/>
    <definition value="11 to 20%"/>
  </concept>
  <concept>
    <code value="21_30"/>
    <display value="21 to 30%"/>
    <definition value="21 to 30%"/>
  </concept>
  <concept>
    <code value="31_40"/>
    <display value="31 to 40%"/>
    <definition value="31 to 40%"/>
  </concept>
  <concept>
    <code value="41_50"/>
    <display value="41 to 50%"/>
    <definition value="41 to 50%"/>
  </concept>
  <concept>
    <code value="51_60"/>
    <display value="51 to 60%"/>
    <definition value="51 to 60%"/>
  </concept>
  <concept>
    <code value="61_70"/>
    <display value="61 to 70%"/>
    <definition value="61 to 70%"/>
  </concept>
  <concept>
    <code value="71_80"/>
    <display value="71 to 80%"/>
    <definition value="71 to 80%"/>
  </concept>
  <concept>
    <code value="81_90"/>
    <display value="81 to 90%"/>
    <definition value="81 to 90%"/>
  </concept>
  <concept>
    <code value="91_100"/>
    <display value="91 to 100%"/>
    <definition value="91 to 100%"/>
  </concept>
</CodeSystem>