<?xml version="1.0" encoding="UTF-8"?>

<CodeSystem xmlns="http://hl7.org/fhir">
  <id value="shr-base-ProposedStatusCS"/>
  <text>
    <status value="generated"/><div xmlns="http://www.w3.org/1999/xhtml">
<p><b>SHR ProposedStatusCS CodeSystem</b></p>
<p>The status of a proposal.</p>
</div>
  </text>
  <url value="http://standardhealthrecord.org/shr/base/cs/ProposedStatusCS"/>
  <identifier>
    <system value="http://standardhealthrecord.org"/>
    <value value="shr.base.ProposedStatusCS"/>
  </identifier>
  <version value="0.0.1"/>
  <name value="SHR ProposedStatusCS CodeSystem"/>
  <title value="SHR ProposedStatusCS CodeSystem"/>
  <status value="draft"/>
  <date value="2017-12-20"/>
  <publisher value="The MITRE Corporation: Standard Health Record Collaborative"/>
  <contact>
    <telecom>
      <system value="url"/>
      <value value="http://standardhealthrecord.org"/>
    </telecom>
  </contact>
  <description value="The status of a proposal."/>
  <caseSensitive value="true"/>
  <content value="complete"/>
  <count value="3"/>
  <concept>
    <code value="proposed"/>
    <display value="The proposal has been proposed, but not accepted or rejected."/>
    <definition value="The proposal has been proposed, but not accepted or rejected."/>
  </concept>
  <concept>
    <code value="accepted"/>
    <display value="The proposal was accepted."/>
    <definition value="The proposal was accepted."/>
  </concept>
  <concept>
    <code value="rejected"/>
    <display value="The proposal was rejected"/>
    <definition value="The proposal was rejected"/>
  </concept>
</CodeSystem>