{
  "resourceType": "CodeSystem",
  "id": "shr-vital-BloodPressureMethodCS",
  "text": {
    "status": "generated",
    "div": "<div xmlns=\"http://www.w3.org/1999/xhtml\">\n<p><b>SHR BloodPressureMethodCS CodeSystem</b></p>\n<p>The method used to measure blood pressure.</p>\n</div>"
  },
  "url": "http://standardhealthrecord.org/shr/vital/cs/BloodPressureMethodCS",
  "identifier": {
    "system": "http://standardhealthrecord.org",
    "value": "shr.vital.BloodPressureMethodCS"
  },
  "version": "0.0.1",
  "name": "SHR BloodPressureMethodCS CodeSystem",
  "title": "SHR BloodPressureMethodCS CodeSystem",
  "status": "draft",
  "date": "2017-12-20",
  "publisher": "The MITRE Corporation: Standard Health Record Collaborative",
  "contact": [
    {
      "telecom": [
        {
          "system": "url",
          "value": "http://standardhealthrecord.org"
        }
      ]
    }
  ],
  "description": "The method used to measure blood pressure.",
  "caseSensitive": true,
  "content": "complete",
  "count": 4,
  "concept": [
    {
      "code": "cuff_manual",
      "display": "Cuff method, manual",
      "definition": "Cuff method, manual"
    },
    {
      "code": "cuff_auto",
      "display": "Cuff method, automatic",
      "definition": "Cuff method, automatic"
    },
    {
      "code": "intravascular",
      "display": "Intravascular method",
      "definition": "Intravascular method"
    },
    {
      "code": "continuous",
      "display": "Continuous non-invasive monitoring",
      "definition": "Continuous non-invasive monitoring"
    }
  ]
}