<?xml version="1.0" encoding="UTF-8"?>

<CodeSystem xmlns="http://hl7.org/fhir">
  <id value="shr-core-SemiquantitativeDurationCS"/>
  <text>
    <status value="generated"/><div xmlns="http://www.w3.org/1999/xhtml">
<p><b>SHR SemiquantitativeDurationCS CodeSystem</b></p>
<p/>
</div>
  </text>
  <url value="http://standardhealthrecord.org/shr/core/cs/SemiquantitativeDurationCS"/>
  <identifier>
    <system value="http://standardhealthrecord.org"/>
    <value value="shr.core.SemiquantitativeDurationCS"/>
  </identifier>
  <version value="0.0.1"/>
  <name value="SHR SemiquantitativeDurationCS CodeSystem"/>
  <title value="SHR SemiquantitativeDurationCS CodeSystem"/>
  <status value="draft"/>
  <date value="2017-12-20"/>
  <publisher value="The MITRE Corporation: Standard Health Record Collaborative"/>
  <contact>
    <telecom>
      <system value="url"/>
      <value value="http://standardhealthrecord.org"/>
    </telecom>
  </contact>
  <caseSensitive value="true"/>
  <content value="complete"/>
  <count value="9"/>
  <concept>
    <code value="many_years"/>
    <display value="Many years"/>
    <definition value="Many years"/>
  </concept>
  <concept>
    <code value="several_years"/>
    <display value="Several years"/>
    <definition value="Several years"/>
  </concept>
  <concept>
    <code value="one_year"/>
    <display value="About a year"/>
    <definition value="About a year"/>
  </concept>
  <concept>
    <code value="months"/>
    <display value="Several months but less than a year"/>
    <definition value="Several months but less than a year"/>
  </concept>
  <concept>
    <code value="weeks"/>
    <display value="Several weeks but less than a month"/>
    <definition value="Several weeks but less than a month"/>
  </concept>
  <concept>
    <code value="days"/>
    <display value="Several days but less than a week"/>
    <definition value="Several days but less than a week"/>
  </concept>
  <concept>
    <code value="hours"/>
    <display value="Several hours but less than a day"/>
    <definition value="Several hours but less than a day"/>
  </concept>
  <concept>
    <code value="minutes"/>
    <display value="Several minutes but less than an hour"/>
    <definition value="Several minutes but less than an hour"/>
  </concept>
  <concept>
    <code value="seconds"/>
    <display value="Several seconds but less than a minute"/>
    <definition value="Several seconds but less than a minute"/>
  </concept>
</CodeSystem>