{
  "resourceType": "CodeSystem",
  "id": "shr-behavior-ReligiousPracticeStatusCS",
  "text": {
    "status": "generated",
    "div": "<div xmlns=\"http://www.w3.org/1999/xhtml\">\n<p><b>SHR ReligiousPracticeStatusCS CodeSystem</b></p>\n<p/>\n</div>"
  },
  "url": "http://standardhealthrecord.org/shr/behavior/cs/ReligiousPracticeStatusCS",
  "identifier": {
    "system": "http://standardhealthrecord.org",
    "value": "shr.behavior.ReligiousPracticeStatusCS"
  },
  "version": "0.0.1",
  "name": "SHR ReligiousPracticeStatusCS CodeSystem",
  "title": "SHR ReligiousPracticeStatusCS CodeSystem",
  "status": "draft",
  "date": "2017-12-20",
  "publisher": "The MITRE Corporation: Standard Health Record Collaborative",
  "contact": [
    {
      "telecom": [
        {
          "system": "url",
          "value": "http://standardhealthrecord.org"
        }
      ]
    }
  ],
  "caseSensitive": true,
  "content": "complete",
  "count": 3,
  "concept": [
    {
      "code": "practicing",
      "display": "Active or observant, currently practicing the tenants of the religion",
      "definition": "Active or observant, currently practicing the tenants of the religion"
    },
    {
      "code": "occasional",
      "display": "Occasionally practicing, for example, on special holidays or occasions",
      "definition": "Occasionally practicing, for example, on special holidays or occasions"
    },
    {
      "code": "non_practicing",
      "display": "Not currently practicing",
      "definition": "Not currently practicing"
    }
  ]
}