<?xml version="1.0" encoding="UTF-8"?>

<CodeSystem xmlns="http://hl7.org/fhir">
  <id value="shr-encounter-ReasonEncounterDidNotHappenCS"/>
  <text>
    <status value="generated"/><div xmlns="http://www.w3.org/1999/xhtml">
<p><b>SHR ReasonEncounterDidNotHappenCS CodeSystem</b></p>
<p/>
</div>
  </text>
  <url value="http://standardhealthrecord.org/shr/encounter/cs/ReasonEncounterDidNotHappenCS"/>
  <identifier>
    <system value="http://standardhealthrecord.org"/>
    <value value="shr.encounter.ReasonEncounterDidNotHappenCS"/>
  </identifier>
  <version value="0.0.1"/>
  <name value="SHR ReasonEncounterDidNotHappenCS CodeSystem"/>
  <title value="SHR ReasonEncounterDidNotHappenCS CodeSystem"/>
  <status value="draft"/>
  <date value="2017-12-20"/>
  <publisher value="The MITRE Corporation: Standard Health Record Collaborative"/>
  <contact>
    <telecom>
      <system value="url"/>
      <value value="http://standardhealthrecord.org"/>
    </telecom>
  </contact>
  <caseSensitive value="true"/>
  <content value="complete"/>
  <count value="4"/>
  <concept>
    <code value="cancelled"/>
    <display value="Patient cancelled appointment"/>
    <definition value="Patient cancelled appointment"/>
  </concept>
  <concept>
    <code value="lost_touch"/>
    <display value="Lost touch with patient"/>
    <definition value="Lost touch with patient"/>
  </concept>
  <concept>
    <code value="withdrew"/>
    <display value="Patient withdrew from trial"/>
    <definition value="Patient withdrew from trial"/>
  </concept>
  <concept>
    <code value="hospitalized"/>
    <display value="Patient was hospitalized"/>
    <definition value="Patient was hospitalized"/>
  </concept>
</CodeSystem>