<?xml version="1.0" encoding="UTF-8"?>

<CodeSystem xmlns="http://hl7.org/fhir">
  <id value="shr-entity-LanguageQualifierCS"/>
  <text>
    <status value="generated"/><div xmlns="http://www.w3.org/1999/xhtml">
<p><b>SHR LanguageQualifierCS CodeSystem</b></p>
<p/>
</div>
  </text>
  <url value="http://standardhealthrecord.org/shr/entity/cs/LanguageQualifierCS"/>
  <identifier>
    <system value="http://standardhealthrecord.org"/>
    <value value="shr.entity.LanguageQualifierCS"/>
  </identifier>
  <version value="0.0.1"/>
  <name value="SHR LanguageQualifierCS CodeSystem"/>
  <title value="SHR LanguageQualifierCS CodeSystem"/>
  <status value="draft"/>
  <date value="2017-12-20"/>
  <publisher value="The MITRE Corporation: Standard Health Record Collaborative"/>
  <contact>
    <telecom>
      <system value="url"/>
      <value value="http://standardhealthrecord.org"/>
    </telecom>
  </contact>
  <caseSensitive value="true"/>
  <content value="complete"/>
  <count value="8"/>
  <concept>
    <code value="preferred_spoken"/>
    <display value="Preferred language"/>
    <definition value="Preferred language"/>
  </concept>
  <concept>
    <code value="secondary_spoken"/>
    <display value="Secondary language"/>
    <definition value="Secondary language"/>
  </concept>
  <concept>
    <code value="apraxia"/>
    <display value="Difficulty speaking due to motor disorder"/>
    <definition value="Difficulty speaking due to motor disorder"/>
  </concept>
  <concept>
    <code value="aphasia"/>
    <display value="Difficulty in speaking, listening, reading, and writing"/>
    <definition value="Difficulty in speaking, listening, reading, and writing"/>
  </concept>
  <concept>
    <code value="signs"/>
    <display value="Uses sign language"/>
    <definition value="Uses sign language"/>
  </concept>
  <concept>
    <code value="braille"/>
    <display value="Reads using braille"/>
    <definition value="Reads using braille"/>
  </concept>
  <concept>
    <code value="lipreads"/>
    <display value="Uses lipreading (speechreading)"/>
    <definition value="Uses lipreading (speechreading)"/>
  </concept>
  <concept>
    <code value="aac"/>
    <display value="Uses augmentative and alternative communication"/>
    <definition value="Uses augmentative and alternative communication"/>
  </concept>
</CodeSystem>